{
  "task": "goemotions",
  "data_dir": "data/original",
  "ckpt_dir": "ckpt/original",
  "output_dir": "bert-base-cased-goemotions-original",
  "train_file": "train.tsv",
  "dev_file": "dev.tsv",
  "test_file": "test.tsv",
  "label_file": "labels.txt",
  "evaluate_test_during_training": false,
  "eval_all_checkpoints": true,
  "save_optimizer": false,
  "do_lower_case": false,
  "do_train": true,
  "do_eval": true,
  "max_seq_len": 50,
  "num_train_epochs": 10,
  "weight_decay": 0.0,
  "gradient_accumulation_steps": 1,
  "adam_epsilon": 1e-8,
  "warmup_proportion": 0.1,
  "max_steps": -1,
  "max_grad_norm": 1.0,
  "no_cuda": false,
  "model_type": "bert",
  "model_name_or_path": "bert-base-cased",
  "tokenizer_name_or_path": "monologg/bert-base-cased-goemotions-original",
  "seed": 42,
  "train_batch_size": 16,
  "eval_batch_size": 32,
  "logging_steps": 1000,
  "save_steps": 1000,
  "learning_rate": 5e-5,
  "threshold": 0.3
}
